Column (Florida-Ohio),L1,L2,L3
first_name-FIRST_NAME,0.009178016814126803,0.023862843716729688,0.02569844707955505
last_name-LAST_NAME,0.003496185661443365,0.004195422793732038,0.0048946599260207115
